"program","CIPDESC","EARN_MDN_1YR","EARN_MDN_5YR","institution"
"Computer Science","Computer and Information Sciences, General.",136099,218770,"UCLA"
"Computer Science","Computer and Information Sciences, General.",136659,287429,"UCLA"
"Computer Science","Information Science/Studies.",NA,214399,"University of California-Berkeley"
"Computer Science","Computer Science.",149866,225140,"University of California-Berkeley"
"Computer Science","Computer and Information Sciences, General.",84343,143465,"University of California-Davis"
"Computer Science","Computer and Information Sciences, General.",53517,122422,"University of California-Irvine"
"Computer Science","Computer Science.",82161,132705,"University of California-Irvine"
"Computer Science","Computer Science.",112006,160463,"University of California-San Diego"
"Computer Science","Computer Science.",148262,301159,"University of California-San Diego"
"Computer Science","Computer Science.",107776,145485,"University of California-Santa Barbara"
"Computer Science","Computer and Information Sciences, General.",90651,128097,"University of Florida"
"Computer Science","Computer Systems Analysis.",81733,118505,"University of Florida"
"Computer Science","Computer Science.",79546,100784,"University of Georgia"
"Computer Science","Computer Science.",124530,170405,"University of Illinois Urbana-Champaign"
"Computer Science","Computer Science.",146670,201739,"University of Illinois Urbana-Champaign"
"Computer Science","Information Science/Studies.",75834,102438,"University of North Carolina at Chapel Hill"
"Computer Science","Computer Science.",90293,124977,"University of North Carolina at Chapel Hill"
"Computer Science","Computer and Information Sciences, General.",98067,160993,"University of Virginia-Main Campus"
"Computer Science","Computer Software and Media Applications.",112959,170198,"University of Virginia-Main Campus"
"Nursing","Dentistry.",78035,132919,"UCLA"
"Nursing","Medicine.",74916,178507,"UCLA"
"Nursing","Public Health.",75311,114617,"UCLA"
"Nursing","Public Health.",115362,133209,"UCLA"
"Nursing","Registered Nursing, Nursing Administration, Nursing Research and Clinical Nursing.",94611,123885,"UCLA"
"Nursing","Registered Nursing, Nursing Administration, Nursing Research and Clinical Nursing.",112065,127653,"UCLA"
"Nursing","Optometry.",88760,117797,"University of California-Berkeley"
"Nursing","Public Health.",48351,81604,"University of California-Berkeley"
"Nursing","Public Health.",NA,106720,"University of California-Berkeley"
"Nursing","Medicine.",72848,202075,"University of California-Davis"
"Nursing","Pharmacy, Pharmaceutical Sciences, and Administration.",40002,82523,"University of California-Davis"
"Nursing","Public Health.",52119,75971,"University of California-Davis"
"Nursing","Registered Nursing, Nursing Administration, Nursing Research and Clinical Nursing.",141870,172861,"University of California-Davis"
"Nursing","Health Professions and Related Clinical Sciences, Other.",133463,175076,"University of California-Davis"
"Nursing","Health and Medical Administrative Services.",NA,246519,"University of California-Irvine"
"Nursing","Medicine.",71598,143998,"University of California-Irvine"
"Nursing","Pharmacy, Pharmaceutical Sciences, and Administration.",20538,92028,"University of California-Irvine"
"Nursing","Public Health.",35463,64449,"University of California-Irvine"
"Nursing","Registered Nursing, Nursing Administration, Nursing Research and Clinical Nursing.",87715,118467,"University of California-Irvine"
"Nursing","Registered Nursing, Nursing Administration, Nursing Research and Clinical Nursing.",87217,150439,"University of California-Irvine"
"Nursing","Medicine.",67163,129999,"University of California-San Diego"
"Nursing","Medical Clinical Sciences/Graduate Medical Studies.",121264,132434,"University of California-San Diego"
"Nursing","Public Health.",39144,67103,"University of California-San Diego"
"Nursing","Health Services/Allied Health/Health Sciences, General.",23493,81169,"University of Florida"
"Nursing","Communication Disorders Sciences and Services.",26539,59252,"University of Florida"
"Nursing","Communication Disorders Sciences and Services.",58884,69792,"University of Florida"
"Nursing","Communication Disorders Sciences and Services.",72758,89705,"University of Florida"
"Nursing","Dentistry.",132958,181489,"University of Florida"
"Nursing","Advanced/Graduate Dentistry and Oral Sciences.",246053,271873,"University of Florida"
"Nursing","Health and Medical Administrative Services.",67497,105472,"University of Florida"
"Nursing","Allied Health Diagnostic, Intervention, and Treatment Professions.",NA,49057,"University of Florida"
"Nursing","Allied Health Diagnostic, Intervention, and Treatment Professions.",NA,131440,"University of Florida"
"Nursing","Medicine.",61829,154656,"University of Florida"
"Nursing","Mental and Social Health Services and Allied Professions.",35991,56589,"University of Florida"
"Nursing","Pharmacy, Pharmaceutical Sciences, and Administration.",80554,104144,"University of Florida"
"Nursing","Pharmacy, Pharmaceutical Sciences, and Administration.",92187,142742,"University of Florida"
"Nursing","Public Health.",30056,66251,"University of Florida"
"Nursing","Public Health.",54905,68408,"University of Florida"
"Nursing","Rehabilitation and Therapeutic Professions.",74190,77455,"University of Florida"
"Nursing","Rehabilitation and Therapeutic Professions.",NA,79002,"University of Florida"
"Nursing","Registered Nursing, Nursing Administration, Nursing Research and Clinical Nursing.",73711,77478,"University of Florida"
"Nursing","Registered Nursing, Nursing Administration, Nursing Research and Clinical Nursing.",NA,110923,"University of Florida"
"Nursing","Registered Nursing, Nursing Administration, Nursing Research and Clinical Nursing.",NA,116198,"University of Florida"
"Nursing","Communication Disorders Sciences and Services.",NA,60086,"University of Georgia"
"Nursing","Allied Health Diagnostic, Intervention, and Treatment Professions.",NA,65062,"University of Georgia"
"Nursing","Pharmacy, Pharmaceutical Sciences, and Administration.",117869,129370,"University of Georgia"
"Nursing","Pharmacy, Pharmaceutical Sciences, and Administration.",110583,136525,"University of Georgia"
"Nursing","Public Health.",39534,68297,"University of Georgia"
"Nursing","Public Health.",47001,77719,"University of Georgia"
"Nursing","Dietetics and Clinical Nutrition Services.",NA,59967,"University of Georgia"
"Nursing","Health Services/Allied Health/Health Sciences, General.",34806,76828,"University of Illinois Urbana-Champaign"
"Nursing","Communication Disorders Sciences and Services.",29620,67270,"University of Illinois Urbana-Champaign"
"Nursing","Public Health.",40564,71261,"University of Illinois Urbana-Champaign"
"Nursing","Communication Disorders Sciences and Services.",57741,73721,"University of North Carolina at Chapel Hill"
"Nursing","Dentistry.",137708,187283,"University of North Carolina at Chapel Hill"
"Nursing","Dental Support Services and Allied Professions.",54207,67230,"University of North Carolina at Chapel Hill"
"Nursing","Health and Medical Administrative Services.",77966,109461,"University of North Carolina at Chapel Hill"
"Nursing","Medicine.",63519,173217,"University of North Carolina at Chapel Hill"
"Nursing","Pharmacy, Pharmaceutical Sciences, and Administration.",60593,135580,"University of North Carolina at Chapel Hill"
"Nursing","Public Health.",60926,96186,"University of North Carolina at Chapel Hill"
"Nursing","Rehabilitation and Therapeutic Professions.",48775,63590,"University of North Carolina at Chapel Hill"
"Nursing","Rehabilitation and Therapeutic Professions.",NA,80689,"University of North Carolina at Chapel Hill"
"Nursing","Registered Nursing, Nursing Administration, Nursing Research and Clinical Nursing.",71594,77041,"University of North Carolina at Chapel Hill"
"Nursing","Registered Nursing, Nursing Administration, Nursing Research and Clinical Nursing.",99792,98399,"University of North Carolina at Chapel Hill"
"Nursing","Communication Disorders Sciences and Services.",NA,59354,"University of Virginia-Main Campus"
"Nursing","Communication Disorders Sciences and Services.",64510,72446,"University of Virginia-Main Campus"
"Nursing","Medicine.",67024,136935,"University of Virginia-Main Campus"
"Nursing","Public Health.",63861,78105,"University of Virginia-Main Campus"
"Nursing","Registered Nursing, Nursing Administration, Nursing Research and Clinical Nursing.",75220,82057,"University of Virginia-Main Campus"
"Nursing","Registered Nursing, Nursing Administration, Nursing Research and Clinical Nursing.",89572,107146,"University of Virginia-Main Campus"
"Nursing","Registered Nursing, Nursing Administration, Nursing Research and Clinical Nursing.",131091,117601,"University of Virginia-Main Campus"
"Business","Business Administration, Management and Operations.",172128,212869,"UCLA"
"Business","Business/Managerial Economics.",83604,118000,"UCLA"
"Business","Business Administration, Management and Operations.",90008,145003,"University of California-Berkeley"
"Business","Business Administration, Management and Operations.",NA,266651,"University of California-Berkeley"
"Business","Business Administration, Management and Operations.",120153,161298,"University of California-Davis"
"Business","Accounting and Related Services.",72371,93918,"University of California-Davis"
"Business","Business/Managerial Economics.",54546,91429,"University of California-Davis"
"Business","Business Administration, Management and Operations.",48786,89501,"University of California-Irvine"
"Business","Business Administration, Management and Operations.",119774,146412,"University of California-Irvine"
"Business","Accounting and Related Services.",70432,96025,"University of California-Irvine"
"Business","Business/Managerial Economics.",44277,74617,"University of California-Irvine"
"Business","Management Information Systems and Services.",68786,129344,"University of California-Irvine"
"Business","Business Administration, Management and Operations.",98870,156032,"University of California-San Diego"
"Business","Management Sciences and Quantitative Methods.",60973,86000,"University of California-San Diego"
"Business","Management Sciences and Quantitative Methods.",66099,98845,"University of California-Santa Barbara"
"Business","Business Administration, Management and Operations.",52032,73834,"University of Florida"
"Business","Business Administration, Management and Operations.",95217,130196,"University of Florida"
"Business","Accounting and Related Services.",65144,88563,"University of Florida"
"Business","Accounting and Related Services.",65973,110436,"University of Florida"
"Business","Entrepreneurial and Small Business Operations.",NA,71245,"University of Florida"
"Business","Finance and Financial Management Services.",70663,101867,"University of Florida"
"Business","Finance and Financial Management Services.",116367,142122,"University of Florida"
"Business","Management Sciences and Quantitative Methods.",60290,100320,"University of Florida"
"Business","Marketing.",56454,80633,"University of Florida"
"Business","Real Estate.",77016,117530,"University of Florida"
"Business","Business Administration, Management and Operations.",77610,113101,"University of Georgia"
"Business","Business Administration, Management and Operations.",56630,75756,"University of Georgia"
"Business","Business Administration, Management and Operations.",118821,156018,"University of Georgia"
"Business","Accounting and Related Services.",64058,91429,"University of Georgia"
"Business","Accounting and Related Services.",65934,103935,"University of Georgia"
"Business","Business/Managerial Economics.",53094,90785,"University of Georgia"
"Business","Finance and Financial Management Services.",67444,95338,"University of Georgia"
"Business","International Business.",67371,110872,"University of Georgia"
"Business","Management Information Systems and Services.",78190,111592,"University of Georgia"
"Business","Marketing.",51951,82677,"University of Georgia"
"Business","Marketing.",79634,107611,"University of Georgia"
"Business","Real Estate.",55655,87821,"University of Georgia"
"Business","Insurance.",64131,89304,"University of Georgia"
"Business","Specialized Sales, Merchandising and  Marketing Operations.",37643,56042,"University of Georgia"
"Business","Business Administration, Management and Operations.",68442,95310,"University of Illinois Urbana-Champaign"
"Business","Business Administration, Management and Operations.",118799,140412,"University of Illinois Urbana-Champaign"
"Business","Accounting and Related Services.",74731,96827,"University of Illinois Urbana-Champaign"
"Business","Accounting and Related Services.",NA,110257,"University of Illinois Urbana-Champaign"
"Business","Finance and Financial Management Services.",75381,118286,"University of Illinois Urbana-Champaign"
"Business","Human Resources Management and Services.",89637,124896,"University of Illinois Urbana-Champaign"
"Business","Management Information Systems and Services.",77572,115128,"University of Illinois Urbana-Champaign"
"Business","Management Sciences and Quantitative Methods.",72527,100568,"University of Illinois Urbana-Champaign"
"Business","Marketing.",69273,89257,"University of Illinois Urbana-Champaign"
"Business","Taxation.",NA,142692,"University of Illinois Urbana-Champaign"
"Business","Business Administration, Management and Operations.",85618,125645,"University of North Carolina at Chapel Hill"
"Business","Business Administration, Management and Operations.",156818,185724,"University of North Carolina at Chapel Hill"
"Business","Accounting and Related Services.",68449,104860,"University of North Carolina at Chapel Hill"
"Business","Human Resources Management and Services.",52217,66529,"University of North Carolina at Chapel Hill"
"Business","Business/Commerce, General.",NA,130586,"University of Virginia-Main Campus"
"Business","Business/Commerce, General.",159747,159466,"University of Virginia-Main Campus"
"Business","Business Administration, Management and Operations.",189494,233655,"University of Virginia-Main Campus"
"Business","Accounting and Related Services.",73793,110165,"University of Virginia-Main Campus"
"Engineering","Engineering, General.",135373,160755,"UCLA"
"Engineering","Aerospace, Aeronautical and Astronautical Engineering.",71068,97069,"UCLA"
"Engineering","Biomedical/Medical Engineering.",57874,114571,"UCLA"
"Engineering","Chemical Engineering.",76680,105166,"UCLA"
"Engineering","Civil Engineering.",75510,102084,"UCLA"
"Engineering","Civil Engineering.",81415,100592,"UCLA"
"Engineering","Computer Engineering.",NA,191628,"UCLA"
"Engineering","Electrical, Electronics and Communications Engineering.",85369,127528,"UCLA"
"Engineering","Electrical, Electronics and Communications Engineering.",119390,144451,"UCLA"
"Engineering","Mechanical Engineering.",79016,108947,"UCLA"
"Engineering","Mechanical Engineering.",108892,133046,"UCLA"
"Engineering","Mechanical Engineering.",NA,165864,"UCLA"
"Engineering","Biomedical/Medical Engineering.",73348,89225,"University of California-Berkeley"
"Engineering","Chemical Engineering.",81553,126322,"University of California-Berkeley"
"Engineering","Chemical Engineering.",NA,122239,"University of California-Berkeley"
"Engineering","Civil Engineering.",78142,104581,"University of California-Berkeley"
"Engineering","Civil Engineering.",NA,107621,"University of California-Berkeley"
"Engineering","Electrical, Electronics and Communications Engineering.",137295,240462,"University of California-Berkeley"
"Engineering","Mechanical Engineering.",88497,112325,"University of California-Berkeley"
"Engineering","Mechanical Engineering.",NA,135617,"University of California-Berkeley"
"Engineering","Engineering, General.",82956,124810,"University of California-Davis"
"Engineering","Aerospace, Aeronautical and Astronautical Engineering.",71633,98457,"University of California-Davis"
"Engineering","Biomedical/Medical Engineering.",68419,105286,"University of California-Davis"
"Engineering","Chemical Engineering.",68337,109456,"University of California-Davis"
"Engineering","Civil Engineering.",75165,98091,"University of California-Davis"
"Engineering","Civil Engineering.",86909,101971,"University of California-Davis"
"Engineering","Computer Engineering.",96418,146640,"University of California-Davis"
"Engineering","Mechanical Engineering.",75231,99885,"University of California-Davis"
"Engineering","Mechanical Engineering.",94624,112967,"University of California-Davis"
"Engineering","Aerospace, Aeronautical and Astronautical Engineering.",67425,102765,"University of California-Irvine"
"Engineering","Biomedical/Medical Engineering.",67170,109350,"University of California-Irvine"
"Engineering","Chemical Engineering.",57540,102280,"University of California-Irvine"
"Engineering","Civil Engineering.",73835,94661,"University of California-Irvine"
"Engineering","Computer Engineering.",79812,115244,"University of California-Irvine"
"Engineering","Electrical, Electronics and Communications Engineering.",80412,103261,"University of California-Irvine"
"Engineering","Mechanical Engineering.",67633,95534,"University of California-Irvine"
"Engineering","Mechanical Engineering.",NA,142294,"University of California-Irvine"
"Engineering","Aerospace, Aeronautical and Astronautical Engineering.",65401,107359,"University of California-San Diego"
"Engineering","Biomedical/Medical Engineering.",65045,118528,"University of California-San Diego"
"Engineering","Biomedical/Medical Engineering.",100166,141614,"University of California-San Diego"
"Engineering","Biomedical/Medical Engineering.",NA,135080,"University of California-San Diego"
"Engineering","Chemical Engineering.",59508,97911,"University of California-San Diego"
"Engineering","Civil Engineering.",65478,91984,"University of California-San Diego"
"Engineering","Civil Engineering.",89543,100777,"University of California-San Diego"
"Engineering","Computer Engineering.",96256,154498,"University of California-San Diego"
"Engineering","Computer Engineering.",NA,206109,"University of California-San Diego"
"Engineering","Electrical, Electronics and Communications Engineering.",80687,120436,"University of California-San Diego"
"Engineering","Electrical, Electronics and Communications Engineering.",111009,141515,"University of California-San Diego"
"Engineering","Mechanical Engineering.",69555,99554,"University of California-San Diego"
"Engineering","Engineering, Other.",56522,94292,"University of California-San Diego"
"Engineering","Chemical Engineering.",79737,104039,"University of California-Santa Barbara"
"Engineering","Computer Engineering.",91387,139942,"University of California-Santa Barbara"
"Engineering","Electrical, Electronics and Communications Engineering.",NA,108865,"University of California-Santa Barbara"
"Engineering","Mechanical Engineering.",81108,100669,"University of California-Santa Barbara"
"Engineering","Aerospace, Aeronautical and Astronautical Engineering.",70760,100208,"University of Florida"
"Engineering","Biomedical/Medical Engineering.",NA,102292,"University of Florida"
"Engineering","Chemical Engineering.",87164,104630,"University of Florida"
"Engineering","Civil Engineering.",72889,87493,"University of Florida"
"Engineering","Civil Engineering.",75768,100137,"University of Florida"
"Engineering","Computer Engineering.",87949,114942,"University of Florida"
"Engineering","Computer Engineering.",NA,134558,"University of Florida"
"Engineering","Electrical, Electronics and Communications Engineering.",85243,104143,"University of Florida"
"Engineering","Environmental/Environmental Health Engineering.",62480,74218,"University of Florida"
"Engineering","Environmental/Environmental Health Engineering.",82095,96604,"University of Florida"
"Engineering","Materials Engineering",79200,86081,"University of Florida"
"Engineering","Mechanical Engineering.",76228,94291,"University of Florida"
"Engineering","Mechanical Engineering.",85272,102878,"University of Florida"
"Engineering","Mechanical Engineering.",92933,122443,"University of Florida"
"Engineering","Nuclear Engineering.",NA,112160,"University of Florida"
"Engineering","Systems Engineering.",85698,108020,"University of Florida"
"Engineering","Systems Engineering.",107972,138498,"University of Florida"
"Engineering","Biological/Biosystems Engineering.",46917,75981,"University of Florida"
"Engineering","Agricultural Engineering.",NA,89250,"University of Georgia"
"Engineering","Engineering, General.",NA,97866,"University of Illinois Urbana-Champaign"
"Engineering","Aerospace, Aeronautical and Astronautical Engineering.",75859,109503,"University of Illinois Urbana-Champaign"
"Engineering","Agricultural Engineering.",62032,87830,"University of Illinois Urbana-Champaign"
"Engineering","Biomedical/Medical Engineering.",71485,103191,"University of Illinois Urbana-Champaign"
"Engineering","Chemical Engineering.",77440,107589,"University of Illinois Urbana-Champaign"
"Engineering","Civil Engineering.",73397,90751,"University of Illinois Urbana-Champaign"
"Engineering","Civil Engineering.",79099,98700,"University of Illinois Urbana-Champaign"
"Engineering","Computer Engineering.",103123,136097,"University of Illinois Urbana-Champaign"
"Engineering","Electrical, Electronics and Communications Engineering.",86483,103028,"University of Illinois Urbana-Champaign"
"Engineering","Engineering Physics.",64304,109155,"University of Illinois Urbana-Champaign"
"Engineering","Materials Engineering",75080,96928,"University of Illinois Urbana-Champaign"
"Engineering","Mechanical Engineering.",80187,96770,"University of Illinois Urbana-Champaign"
"Engineering","Mechanical Engineering.",105575,128517,"University of Illinois Urbana-Champaign"
"Engineering","Industrial Engineering.",78313,98221,"University of Illinois Urbana-Champaign"
"Engineering","Engineering, General.",NA,86699,"University of Virginia-Main Campus"
"Engineering","Aerospace, Aeronautical and Astronautical Engineering.",77922,93485,"University of Virginia-Main Campus"
"Engineering","Biomedical/Medical Engineering.",66823,94692,"University of Virginia-Main Campus"
"Engineering","Chemical Engineering.",85772,115895,"University of Virginia-Main Campus"
"Engineering","Civil Engineering.",74772,95518,"University of Virginia-Main Campus"
"Engineering","Computer Engineering.",118232,139318,"University of Virginia-Main Campus"
"Engineering","Electrical, Electronics and Communications Engineering.",82135,114299,"University of Virginia-Main Campus"
"Engineering","Mechanical Engineering.",74366,91262,"University of Virginia-Main Campus"
"Engineering","Systems Engineering.",91178,131258,"University of Virginia-Main Campus"
"Engineering","Systems Engineering.",115773,142475,"University of Virginia-Main Campus"
"Biological Sciences","Biology, General.",28242,75609,"UCLA"
"Biological Sciences","Biochemistry, Biophysics and Molecular Biology.",35210,76967,"UCLA"
"Biological Sciences","Biochemistry, Biophysics and Molecular Biology.",83835,134874,"UCLA"
"Biological Sciences","Cell/Cellular Biology and Anatomical Sciences.",36945,64799,"UCLA"
"Biological Sciences","Microbiological Sciences and Immunology.",36403,77994,"UCLA"
"Biological Sciences","Physiology, Pathology and Related Sciences.",23151,77228,"UCLA"
"Biological Sciences","Neurobiology and Neurosciences.",30501,79689,"UCLA"
"Biological Sciences","Biology, General.",36642,76503,"University of California-Berkeley"
"Biological Sciences","Cell/Cellular Biology and Anatomical Sciences.",43270,70181,"University of California-Berkeley"
"Biological Sciences","Cell/Cellular Biology and Anatomical Sciences.",70631,120275,"University of California-Berkeley"
"Biological Sciences","Biology, General.",35241,66924,"University of California-Davis"
"Biological Sciences","Biochemistry, Biophysics and Molecular Biology.",42266,87815,"University of California-Davis"
"Biological Sciences","Cell/Cellular Biology and Anatomical Sciences.",37952,72879,"University of California-Davis"
"Biological Sciences","Microbiological Sciences and Immunology.",46005,90315,"University of California-Davis"
"Biological Sciences","Genetics.",41334,78152,"University of California-Davis"
"Biological Sciences","Physiology, Pathology and Related Sciences.",37550,74551,"University of California-Davis"
"Biological Sciences","Pharmacology and Toxicology.",39202,73345,"University of California-Davis"
"Biological Sciences","Biotechnology.",59156,93489,"University of California-Davis"
"Biological Sciences","Ecology, Evolution, Systematics, and Population Biology.",32161,52700,"University of California-Davis"
"Biological Sciences","Ecology, Evolution, Systematics, and Population Biology.",NA,90734,"University of California-Davis"
"Biological Sciences","Neurobiology and Neurosciences.",29765,67848,"University of California-Davis"
"Biological Sciences","Biology, General.",25388,72132,"University of California-Irvine"
"Biological Sciences","Neurobiology and Neurosciences.",NA,89197,"University of California-Irvine"
"Biological Sciences","Biology, General.",34504,69381,"University of California-San Diego"
"Biological Sciences","Biology, General.",44139,70882,"University of California-San Diego"
"Biological Sciences","Biology, General.",80294,110617,"University of California-San Diego"
"Biological Sciences","Biochemistry, Biophysics and Molecular Biology.",45066,76922,"University of California-San Diego"
"Biological Sciences","Biomathematics, Bioinformatics, and Computational Biology.",76592,138331,"University of California-San Diego"
"Biological Sciences","Ecology, Evolution, Systematics, and Population Biology.",31088,55518,"University of California-San Diego"
"Biological Sciences","Ecology, Evolution, Systematics, and Population Biology.",50266,67025,"University of California-San Diego"
"Biological Sciences","Neurobiology and Neurosciences.",32081,69515,"University of California-San Diego"
"Biological Sciences","Biology, General.",33486,76068,"University of California-Santa Barbara"
"Biological Sciences","Biochemistry, Biophysics and Molecular Biology.",49100,90796,"University of California-Santa Barbara"
"Biological Sciences","Cell/Cellular Biology and Anatomical Sciences.",38333,57001,"University of California-Santa Barbara"
"Biological Sciences","Zoology/Animal Biology.",37633,53012,"University of California-Santa Barbara"
"Biological Sciences","Pharmacology and Toxicology.",39421,97773,"University of California-Santa Barbara"
"Biological Sciences","Ecology, Evolution, Systematics, and Population Biology.",29258,49625,"University of California-Santa Barbara"
"Biological Sciences","Biology, General.",24713,66170,"University of Florida"
"Biological Sciences","Microbiological Sciences and Immunology.",27994,60469,"University of Florida"
"Biological Sciences","Zoology/Animal Biology.",23809,58561,"University of Florida"
"Biological Sciences","Physiology, Pathology and Related Sciences.",24588,66875,"University of Florida"
"Biological Sciences","Physiology, Pathology and Related Sciences.",43895,52199,"University of Florida"
"Biological Sciences","Biological and Biomedical Sciences, Other.",63908,82512,"University of Florida"
"Biological Sciences","Biology, General.",27638,64387,"University of Georgia"
"Biological Sciences","Biochemistry, Biophysics and Molecular Biology.",34212,60787,"University of Georgia"
"Biological Sciences","Cell/Cellular Biology and Anatomical Sciences.",NA,56925,"University of Georgia"
"Biological Sciences","Microbiological Sciences and Immunology.",37864,68825,"University of Georgia"
"Biological Sciences","Genetics.",19112,71717,"University of Georgia"
"Biological Sciences","Cell/Cellular Biology and Anatomical Sciences.",29777,70132,"University of Illinois Urbana-Champaign"
"Biological Sciences","Biological and Biomedical Sciences, Other.",30178,60171,"University of Illinois Urbana-Champaign"
"Biological Sciences","Biology, General.",33471,64430,"University of North Carolina at Chapel Hill"
"Biological Sciences","Biology, General.",23395,67974,"University of Virginia-Main Campus"
"Psychology","Psychology, General.",30614,65954,"UCLA"
"Psychology","Psychology, General.",62453,93867,"UCLA"
"Psychology","Research and Experimental Psychology.",27748,78384,"UCLA"
"Psychology","Psychology, General.",NA,72810,"University of California-Berkeley"
"Psychology","Research and Experimental Psychology.",32301,62401,"University of California-Davis"
"Psychology","Psychology, Other.",31345,64230,"University of California-Davis"
"Psychology","Psychology, General.",27115,56253,"University of California-Irvine"
"Psychology","Research and Experimental Psychology.",29830,62639,"University of California-Irvine"
"Psychology","Psychology, General.",29144,56911,"University of California-San Diego"
"Psychology","Research and Experimental Psychology.",23420,70223,"University of California-San Diego"
"Psychology","Clinical, Counseling and Applied Psychology.",26953,63237,"University of California-San Diego"
"Psychology","Research and Experimental Psychology.",34431,66321,"University of California-Santa Barbara"
"Psychology","Psychology, General.",26003,57099,"University of Florida"
"Psychology","Psychology, General.",NA,54785,"University of Florida"
"Psychology","Psychology, General.",77375,112858,"University of Florida"
"Psychology","Clinical, Counseling and Applied Psychology.",NA,94280,"University of Florida"
"Psychology","Psychology, General.",29874,58364,"University of Georgia"
"Psychology","Clinical, Counseling and Applied Psychology.",64962,79090,"University of Georgia"
"Psychology","Psychology, General.",NA,63866,"University of Illinois Urbana-Champaign"
"Psychology","Psychology, General.",31804,56424,"University of North Carolina at Chapel Hill"
"Psychology","Psychology, General.",36121,67873,"University of Virginia-Main Campus"
"Psychology","Clinical, Counseling and Applied Psychology.",54093,69758,"University of Virginia-Main Campus"
"Visual & Performing Arts","Design and Applied Arts.",57615,85813,"UCLA"
"Visual & Performing Arts","Drama/Theatre Arts and Stagecraft.",19673,28993,"UCLA"
"Visual & Performing Arts","Film/Video and Photographic Arts.",29696,66565,"UCLA"
"Visual & Performing Arts","Film/Video and Photographic Arts.",39954,67538,"UCLA"
"Visual & Performing Arts","Fine and Studio Arts.",21220,46122,"UCLA"
"Visual & Performing Arts","Fine and Studio Arts.",NA,62398,"UCLA"
"Visual & Performing Arts","Music.",22125,50858,"UCLA"
"Visual & Performing Arts","Music.",15520,28799,"UCLA"
"Visual & Performing Arts","Music.",NA,77654,"UCLA"
"Visual & Performing Arts","Film/Video and Photographic Arts.",29011,38182,"University of California-Berkeley"
"Visual & Performing Arts","Fine and Studio Arts.",20368,58001,"University of California-Berkeley"
"Visual & Performing Arts","Design and Applied Arts.",32816,67513,"University of California-Davis"
"Visual & Performing Arts","Drama/Theatre Arts and Stagecraft.",19398,42690,"University of California-Davis"
"Visual & Performing Arts","Film/Video and Photographic Arts.",19258,50629,"University of California-Davis"
"Visual & Performing Arts","Fine and Studio Arts.",22700,46486,"University of California-Davis"
"Visual & Performing Arts","Music.",24630,40840,"University of California-Davis"
"Visual & Performing Arts","Dance.",28112,32865,"University of California-Irvine"
"Visual & Performing Arts","Design and Applied Arts.",NA,80163,"University of California-Irvine"
"Visual & Performing Arts","Drama/Theatre Arts and Stagecraft.",20461,27561,"University of California-Irvine"
"Visual & Performing Arts","Film/Video and Photographic Arts.",21397,44541,"University of California-Irvine"
"Visual & Performing Arts","Fine and Studio Arts.",16989,48982,"University of California-Irvine"
"Visual & Performing Arts","Visual and Performing Arts, General.",NA,46800,"University of California-San Diego"
"Visual & Performing Arts","Visual and Performing Arts, General.",NA,42918,"University of California-San Diego"
"Visual & Performing Arts","Drama/Theatre Arts and Stagecraft.",18026,39424,"University of California-San Diego"
"Visual & Performing Arts","Drama/Theatre Arts and Stagecraft.",14358,26372,"University of California-San Diego"
"Visual & Performing Arts","Fine and Studio Arts.",21777,45044,"University of California-San Diego"
"Visual & Performing Arts","Music.",21592,44134,"University of California-San Diego"
"Visual & Performing Arts","Film/Video and Photographic Arts.",28608,52687,"University of California-Santa Barbara"
"Visual & Performing Arts","Fine and Studio Arts.",NA,48583,"University of California-Santa Barbara"
"Visual & Performing Arts","Dance.",16639,21714,"University of Florida"
"Visual & Performing Arts","Design and Applied Arts.",43144,73474,"University of Florida"
"Visual & Performing Arts","Drama/Theatre Arts and Stagecraft.",16318,35412,"University of Florida"
"Visual & Performing Arts","Fine and Studio Arts.",23793,28324,"University of Florida"
"Visual & Performing Arts","Fine and Studio Arts.",33627,46870,"University of Florida"
"Visual & Performing Arts","Music.",22559,40213,"University of Florida"
"Visual & Performing Arts","Fine and Studio Arts.",34056,51345,"University of Georgia"
"Visual & Performing Arts","Fine and Studio Arts.",18590,41360,"University of Georgia"
"Visual & Performing Arts","Music.",28793,49262,"University of Georgia"
"Visual & Performing Arts","Arts, Entertainment,and Media Management.",33927,53759,"University of Georgia"
"Visual & Performing Arts","Design and Applied Arts.",34670,70046,"University of Illinois Urbana-Champaign"
"Visual & Performing Arts","Drama/Theatre Arts and Stagecraft.",22159,38862,"University of Illinois Urbana-Champaign"
"Visual & Performing Arts","Drama/Theatre Arts and Stagecraft.",26539,32938,"University of Illinois Urbana-Champaign"
"Visual & Performing Arts","Fine and Studio Arts.",28669,33080,"University of Illinois Urbana-Champaign"
"Visual & Performing Arts","Music.",13128,32182,"University of Illinois Urbana-Champaign"
"Visual & Performing Arts","Music.",23379,51570,"University of Illinois Urbana-Champaign"
"Visual & Performing Arts","Music.",40102,50581,"University of Illinois Urbana-Champaign"
"Visual & Performing Arts","Fine and Studio Arts.",24005,42572,"University of North Carolina at Chapel Hill"
"Visual & Performing Arts","Music.",32880,41458,"University of North Carolina at Chapel Hill"
"Visual & Performing Arts","Fine and Studio Arts.",23372,46334,"University of Virginia-Main Campus"
